prompt,completion
¿Qué es SSH y para qué se utiliza?,SSH (Secure Shell) es un protocolo de red que proporciona comunicaciones seguras y cifradas entre dos sistemas. Se utiliza para administrar sistemas y transferir archivos de forma segura. [Más información](https://maximofn.com/ssh/)
¿Cuál es la diferencia entre SSH y Telnet?,"SSH ofrece comunicaciones cifradas y seguras, a diferencia de Telnet que es inseguro y transmite datos en texto claro. [Más información](https://maximofn.com/ssh/)"
¿Cómo funciona el cifrado en SSH?,El cifrado en SSH utiliza un sistema de clave pública y privada para asegurar que solo las partes autorizadas puedan descifrar la comunicación. [Más información](https://maximofn.com/ssh/)
¿Qué son las claves pública y privada en SSH?,"La clave pública en SSH se puede compartir de manera segura, mientras que la clave privada se mantiene en secreto y se utiliza para descifrar la comunicación. [Más información](https://maximofn.com/ssh/)"
¿Cómo se establece una conexión SSH con un servidor?,"Para establecer una conexión SSH, se utiliza el comando `ssh` seguido del nombre de usuario y la dirección IP o nombre de host del servidor. [Más información](https://maximofn.com/ssh/)"
¿Cómo se generan las claves SSH?,"Las claves SSH se generan utilizando el comando `ssh-keygen`, que crea un par de claves pública y privada. [Más información](https://maximofn.com/ssh/)"
¿Es seguro utilizar SSH para la transferencia de archivos?,"SSH es una opción segura para la transferencia de archivos, ya que utiliza cifrado para proteger los datos durante la transmisión. [Más información](https://maximofn.com/ssh/)"
¿Qué es el port forwarding en SSH y cómo se utiliza?,"El port forwarding en SSH permite redirigir conexiones de red a través de un canal seguro, útil para acceder a servicios de red locales de forma remota. [Más información](https://maximofn.com/ssh/)"
¿Cómo se configura SSH para evitar el ingreso de contraseñas cada vez?,"Para configurar SSH y evitar el ingreso de contraseñas, se puede utilizar la autenticación basada en claves, donde se agrega la clave pública al servidor. [Más información](https://maximofn.com/ssh/)"
¿Qué es SSH Key-Based Authentication?,"La autenticación basada en claves SSH utiliza un par de claves para autenticar al usuario, eliminando la necesidad de contraseñas. [Más información](https://maximofn.com/ssh/)"
